[
	{
		"table": "Status",
		"page": "",
		"AlgortihmID": "344",
		"AlgorithmGroupID": "2",
		"AlgorithmGroup": "",
		"AlgorithmGroupLabel": "play",
		"Label": "Cross-sell",
		"Image": "",
		"ProjRev": "$69",
		"BasketSize": "6",
		"PlayLikelihood": "15",
		"ShopFrequency": "40",
		"NewcustomerAcquisiont": "235",
		"Belavg": "16",
		"Abavg": "22",
		"Avg": "16",
		"Score": "5",
		"Compsore": "0.021436138",
		"Monthtodate": "4530",
		"DatetoEnd": "65%",
		"MonthtodateHours": "1750",
		"DatetoEndHours": "100%",
		"PercentUse": "4%",
		"RandomFactor": "36%",
		"Costperdate": "$23.00",
		"instanceID": "",
		"instancetype": "",
		"state": "",
		"status": "",
		"alarm": "",
		"use": "",
		"LastMonth": "39",
		"ThisMonth": "96",
		"Predictions": "388"
	},
	{
		"table": "Status",
		"page": "",
		"AlgortihmID": "73",
		"AlgorithmGroupID": "2",
		"AlgorithmGroup": "",
		"AlgorithmGroupLabel": "play",
		"Label": "",
		"Image": "",
		"ProjRev": "",
		"BasketSize": "",
		"PlayLikelihood": "",
		"ShopFrequency": "3",
		"NewcustomerAcquisiont": "",
		"Belavg": "54",
		"Abavg": "68",
		"Avg": "63",
		"Score": "73",
		"Compsore": "0.372617888",
		"Monthtodate": "35",
		"DatetoEnd": "3%",
		"MonthtodateHours": "3135",
		"DatetoEndHours": "77%",
		"PercentUse": "8%",
		"RandomFactor": "59%",
		"Costperdate": "$47.00",
		"instanceID": "",
		"instancetype": "",
		"state": "",
		"status": "",
		"alarm": "",
		"use": "",
		"LastMonth": "39",
		"ThisMonth": "96",
		"Predictions": "388"
	},
	{
		"table": "Status",
		"page": "",
		"AlgortihmID": "73",
		"AlgorithmGroupID": "2",
		"AlgorithmGroup": "",
		"AlgorithmGroupLabel": "play",
		"Label": "",
		"Image": "www.image.com/jpg1 www.image.com/jpg23 www.image.com/jpg15",
		"ProjRev": "",
		"BasketSize": "",
		"PlayLikelihood": "",
		"ShopFrequency": "13",
		"NewcustomerAcquisiont": "",
		"Belavg": "42",
		"Abavg": "60",
		"Avg": "54",
		"Score": "61",
		"Compsore": "0.402064241",
		"Monthtodate": "4406",
		"DatetoEnd": "59%",
		"MonthtodateHours": "4625",
		"DatetoEndHours": "40%",
		"PercentUse": "14%",
		"RandomFactor": "99%",
		"Costperdate": "$114.00",
		"instanceID": "",
		"instancetype": "",
		"state": "",
		"status": "",
		"alarm": "",
		"use": "",
		"LastMonth": "39",
		"ThisMonth": "96",
		"Predictions": "388"
	},
	{
		"table": "Status",
		"page": "",
		"AlgortihmID": "73",
		"AlgorithmGroupID": "2",
		"AlgorithmGroup": "",
		"AlgorithmGroupLabel": "play",
		"Label": "",
		"Image": "www.image.com/jpg1 www.image.com/jpg23 www.image.com/jpg16",
		"ProjRev": "",
		"BasketSize": "",
		"PlayLikelihood": "",
		"ShopFrequency": "",
		"NewcustomerAcquisiont": "234",
		"Belavg": "85",
		"Abavg": "104",
		"Avg": "97",
		"Score": "98",
		"Compsore": "0.037735127",
		"Monthtodate": "1497",
		"DatetoEnd": "21%",
		"MonthtodateHours": "3374",
		"DatetoEndHours": "5%",
		"PercentUse": "7%",
		"RandomFactor": "45%",
		"Costperdate": "$190.00",
		"instanceID": "",
		"instancetype": "",
		"state": "",
		"status": "",
		"alarm": "",
		"use": "",
		"LastMonth": "39",
		"ThisMonth": "96",
		"Predictions": "388"
	},
	{
		"table": "Status",
		"page": "",
		"AlgortihmID": "316",
		"AlgorithmGroupID": "2",
		"AlgorithmGroup": "",
		"AlgorithmGroupLabel": "play",
		"Label": "",
		"Image": "www.image.com/jpg1 www.image.com/jpg23 www.image.com/jpg18",
		"ProjRev": "",
		"BasketSize": "$120",
		"PlayLikelihood": "",
		"ShopFrequency": "",
		"NewcustomerAcquisiont": "",
		"Belavg": "61",
		"Abavg": "63",
		"Avg": "61",
		"Score": "67",
		"Compsore": "0.646757656",
		"Monthtodate": "4195",
		"DatetoEnd": "9%",
		"MonthtodateHours": "721",
		"DatetoEndHours": "52%",
		"PercentUse": "9%",
		"RandomFactor": "52%",
		"Costperdate": "$66.00",
		"instanceID": "",
		"instancetype": "",
		"state": "",
		"status": "",
		"alarm": "",
		"use": "",
		"LastMonth": "39",
		"ThisMonth": "96",
		"Predictions": "388"
	},
	{
		"table": "Status",
		"page": "",
		"AlgortihmID": "316",
		"AlgorithmGroupID": "2",
		"AlgorithmGroup": "",
		"AlgorithmGroupLabel": "play",
		"Label": "",
		"Image": "www.image.com/jpg1 www.image.com/jpg23 www.image.com/jpg19",
		"ProjRev": "",
		"BasketSize": "",
		"PlayLikelihood": "10",
		"ShopFrequency": "",
		"NewcustomerAcquisiont": "",
		"Belavg": "86",
		"Abavg": "88",
		"Avg": "82",
		"Score": "92",
		"Compsore": "0.340293639",
		"Monthtodate": "4887",
		"DatetoEnd": "99%",
		"MonthtodateHours": "956",
		"DatetoEndHours": "6%",
		"PercentUse": "4%",
		"RandomFactor": "22%",
		"Costperdate": "$31.00",
		"instanceID": "",
		"instancetype": "",
		"state": "",
		"status": "",
		"alarm": "",
		"use": "",
		"LastMonth": "39",
		"ThisMonth": "96",
		"Predictions": "388"
	},
	{
		"table": "Status",
		"page": "",
		"AlgortihmID": "316",
		"AlgorithmGroupID": "2",
		"AlgorithmGroup": "",
		"AlgorithmGroupLabel": "play",
		"Label": "",
		"Image": "www.image.com/jpg1 www.image.com/jpg23 www.image.com/jpg20",
		"ProjRev": "",
		"BasketSize": "",
		"PlayLikelihood": "",
		"ShopFrequency": "14",
		"NewcustomerAcquisiont": "",
		"Belavg": "45",
		"Abavg": "50",
		"Avg": "48",
		"Score": "53",
		"Compsore": "0.374387123",
		"Monthtodate": "3107",
		"DatetoEnd": "37%",
		"MonthtodateHours": "2476",
		"DatetoEndHours": "86%",
		"PercentUse": "17%",
		"RandomFactor": "86%",
		"Costperdate": "$152.00",
		"instanceID": "",
		"instancetype": "",
		"state": "",
		"status": "",
		"alarm": "",
		"use": "",
		"LastMonth": "39",
		"ThisMonth": "96",
		"Predictions": "388"
	},
	{
		"table": "Status",
		"page": "",
		"AlgortihmID": "316",
		"AlgorithmGroupID": "2",
		"AlgorithmGroup": "",
		"AlgorithmGroupLabel": "play",
		"Label": "",
		"Image": "www.image.com/jpg1 www.image.com/jpg23 www.image.com/jpg21",
		"ProjRev": "",
		"BasketSize": "",
		"PlayLikelihood": "",
		"ShopFrequency": "",
		"NewcustomerAcquisiont": "288",
		"Belavg": "81",
		"Abavg": "87",
		"Avg": "81",
		"Score": "7",
		"Compsore": "0.000374197",
		"Monthtodate": "2791",
		"DatetoEnd": "84%",
		"MonthtodateHours": "3799",
		"DatetoEndHours": "26%",
		"PercentUse": "18%",
		"RandomFactor": "76%",
		"Costperdate": "$167.00",
		"instanceID": "",
		"instancetype": "",
		"state": "",
		"status": "",
		"alarm": "",
		"use": "",
		"LastMonth": "39",
		"ThisMonth": "96",
		"Predictions": "388"
	},
	{
		"table": "Status",
		"page": "",
		"AlgortihmID": "168",
		"AlgorithmGroupID": "2",
		"AlgorithmGroup": "",
		"AlgorithmGroupLabel": "play",
		"Label": "",
		"Image": "www.image.com/jpg1 www.image.com/jpg23 www.image.com/jpg22",
		"ProjRev": "",
		"BasketSize": "$16",
		"PlayLikelihood": "",
		"ShopFrequency": "",
		"NewcustomerAcquisiont": "",
		"Belavg": "21",
		"Abavg": "33",
		"Avg": "27",
		"Score": "28",
		"Compsore": "0.028789238",
		"Monthtodate": "1802",
		"DatetoEnd": "36%",
		"MonthtodateHours": "1943",
		"DatetoEndHours": "18%",
		"PercentUse": "4%",
		"RandomFactor": "6%",
		"Costperdate": "$200.00",
		"instanceID": "",
		"instancetype": "",
		"state": "",
		"status": "",
		"alarm": "",
		"use": "",
		"LastMonth": "39",
		"ThisMonth": "96",
		"Predictions": "388"
	},
	{
		"table": "Status",
		"page": "",
		"AlgortihmID": "168",
		"AlgorithmGroupID": "2",
		"AlgorithmGroup": "",
		"AlgorithmGroupLabel": "play",
		"Label": "",
		"Image": "www.image.com/jpg1 www.image.com/jpg23 www.image.com/jpg23",
		"ProjRev": "",
		"BasketSize": "",
		"PlayLikelihood": "8",
		"ShopFrequency": "",
		"NewcustomerAcquisiont": "",
		"Belavg": "3",
		"Abavg": "21",
		"Avg": "19",
		"Score": "26",
		"Compsore": "0.170890517",
		"Monthtodate": "4579",
		"DatetoEnd": "83%",
		"MonthtodateHours": "3342",
		"DatetoEndHours": "81%",
		"PercentUse": "53%",
		"RandomFactor": "74%",
		"Costperdate": "$143.00",
		"instanceID": "",
		"instancetype": "",
		"state": "",
		"status": "",
		"alarm": "",
		"use": "",
		"LastMonth": "39",
		"ThisMonth": "96",
		"Predictions": "388"
	},
	{
		"table": "Status",
		"page": "",
		"AlgortihmID": "168",
		"AlgorithmGroupID": "2",
		"AlgorithmGroup": "",
		"AlgorithmGroupLabel": "play",
		"Label": "",
		"Image": "www.image.com/jpg1 www.image.com/jpg23 www.image.com/jpg24",
		"ProjRev": "",
		"BasketSize": "",
		"PlayLikelihood": "",
		"ShopFrequency": "10",
		"NewcustomerAcquisiont": "",
		"Belavg": "14",
		"Abavg": "23",
		"Avg": "14",
		"Score": "18",
		"Compsore": "0.115745067",
		"Monthtodate": "4243",
		"DatetoEnd": "46%",
		"MonthtodateHours": "1787",
		"DatetoEndHours": "72%",
		"PercentUse": "25%",
		"RandomFactor": "17%",
		"Costperdate": "$121.00",
		"instanceID": "",
		"instancetype": "",
		"state": "",
		"status": "",
		"alarm": "",
		"use": "",
		"LastMonth": "39",
		"ThisMonth": "96",
		"Predictions": "388"
	},
	{
		"table": "Status",
		"page": "",
		"AlgortihmID": "168",
		"AlgorithmGroupID": "2",
		"AlgorithmGroup": "",
		"AlgorithmGroupLabel": "play",
		"Label": "",
		"Image": "www.image.com/jpg1 www.image.com/jpg23 www.image.com/jpg25",
		"ProjRev": "",
		"BasketSize": "",
		"PlayLikelihood": "",
		"ShopFrequency": "",
		"NewcustomerAcquisiont": "291",
		"Belavg": "88",
		"Abavg": "108",
		"Avg": "106",
		"Score": "8",
		"Compsore": "0.034413427",
		"Monthtodate": "4392",
		"DatetoEnd": "17%",
		"MonthtodateHours": "560",
		"DatetoEndHours": "37%",
		"PercentUse": "100%",
		"RandomFactor": "49%",
		"Costperdate": "$34.00",
		"instanceID": "",
		"instancetype": "",
		"state": "",
		"status": "",
		"alarm": "",
		"use": "",
		"LastMonth": "39",
		"ThisMonth": "96",
		"Predictions": "388"
	},
	{
		"table": "Status",
		"page": "",
		"AlgortihmID": "32",
		"AlgorithmGroupID": "2",
		"AlgorithmGroup": "",
		"AlgorithmGroupLabel": "play",
		"Label": "",
		"Image": "www.image.com/jpg1 www.image.com/jpg23 www.image.com/jpg22",
		"ProjRev": "",
		"BasketSize": "$13",
		"PlayLikelihood": "",
		"ShopFrequency": "",
		"NewcustomerAcquisiont": "",
		"Belavg": "80",
		"Abavg": "97",
		"Avg": "95",
		"Score": "7",
		"Compsore": "0.000824115",
		"Monthtodate": "4674",
		"DatetoEnd": "33%",
		"MonthtodateHours": "1262",
		"DatetoEndHours": "31%",
		"PercentUse": "23%",
		"RandomFactor": "45%",
		"Costperdate": "$111.00",
		"instanceID": "",
		"instancetype": "",
		"state": "",
		"status": "",
		"alarm": "",
		"use": "",
		"LastMonth": "39",
		"ThisMonth": "96",
		"Predictions": "388"
	},
	{
		"table": "Status",
		"page": "",
		"AlgortihmID": "32",
		"AlgorithmGroupID": "2",
		"AlgorithmGroup": "",
		"AlgorithmGroupLabel": "play",
		"Label": "",
		"Image": "www.image.com/jpg1 www.image.com/jpg23 www.image.com/jpg23",
		"ProjRev": "",
		"BasketSize": "",
		"PlayLikelihood": "8",
		"ShopFrequency": "",
		"NewcustomerAcquisiont": "",
		"Belavg": "4",
		"Abavg": "18",
		"Avg": "15",
		"Score": "9",
		"Compsore": "0.060873691",
		"Monthtodate": "1289",
		"DatetoEnd": "79%",
		"MonthtodateHours": "664",
		"DatetoEndHours": "56%",
		"PercentUse": "18%",
		"RandomFactor": "27%",
		"Costperdate": "$116.00",
		"instanceID": "",
		"instancetype": "",
		"state": "",
		"status": "",
		"alarm": "",
		"use": "",
		"LastMonth": "39",
		"ThisMonth": "96",
		"Predictions": "388"
	},
	{
		"table": "Status",
		"page": "",
		"AlgortihmID": "32",
		"AlgorithmGroupID": "2",
		"AlgorithmGroup": "",
		"AlgorithmGroupLabel": "play",
		"Label": "",
		"Image": "www.image.com/jpg1 www.image.com/jpg23 www.image.com/jpg24",
		"ProjRev": "",
		"BasketSize": "",
		"PlayLikelihood": "",
		"ShopFrequency": "13",
		"NewcustomerAcquisiont": "",
		"Belavg": "89",
		"Abavg": "100",
		"Avg": "90",
		"Score": "8",
		"Compsore": "0.050832428",
		"Monthtodate": "2786",
		"DatetoEnd": "73%",
		"MonthtodateHours": "4373",
		"DatetoEndHours": "78%",
		"PercentUse": "43%",
		"RandomFactor": "53%",
		"Costperdate": "$6.00",
		"instanceID": "",
		"instancetype": "",
		"state": "",
		"status": "",
		"alarm": "",
		"use": "",
		"LastMonth": "39",
		"ThisMonth": "96",
		"Predictions": "388"
	},
	{
		"table": "Status",
		"page": "",
		"AlgortihmID": "32",
		"AlgorithmGroupID": "2",
		"AlgorithmGroup": "",
		"AlgorithmGroupLabel": "play",
		"Label": "",
		"Image": "www.image.com/jpg1 www.image.com/jpg23 www.image.com/jpg25",
		"ProjRev": "",
		"BasketSize": "",
		"PlayLikelihood": "",
		"ShopFrequency": "",
		"NewcustomerAcquisiont": "287",
		"Belavg": "41",
		"Abavg": "59",
		"Avg": "56",
		"Score": "66",
		"Compsore": "0.526749915",
		"Monthtodate": "80",
		"DatetoEnd": "9%",
		"MonthtodateHours": "2056",
		"DatetoEndHours": "37%",
		"PercentUse": "100%",
		"RandomFactor": "70%",
		"Costperdate": "$159.00",
		"instanceID": "",
		"instancetype": "",
		"state": "",
		"status": "",
		"alarm": "",
		"use": "",
		"LastMonth": "39",
		"ThisMonth": "96",
		"Predictions": "388"
	}
]
