[
	{
		"table": "Status/prescription",
		"page": "19,21",
		"AlgortihmID": "127",
		"AlgorithmGroupID": "1",
		"AlgorithmGroup": "",
		"AlgorithmGroupLabel": "Analysis",
		"Label": "Long Term Value",
		"Image": "",
		"ProjRev": "$151",
		"BasketSize": "6",
		"PlayLikelihood": "25",
		"ShopFrequency": "172",
		"NewcustomerAcquisiont": "84",
		"Belavg": "84",
		"Abavg": "89",
		"Avg": "80",
		"Score": "1",
		"Compsore": "0.009226501",
		"Monthtodate": "4769",
		"DatetoEnd": "12%",
		"MonthtodateHours": "4725",
		"DatetoEndHours": "58%",
		"PercentUse": "3%",
		"RandomFactor": "47%",
		"Costperdate": "$92.00",
		"instanceID": "2811",
		"instancetype": "x.large",
		"state": "running",
		"status": "24/7",
		"alarm": "none",
		"use": "Production",
		"LastMonth": "39",
		"ThisMonth": "96",
		"Predictions": "388"
	},
	{
		"table": "Status/prescription",
		"page": "19,21",
		"AlgortihmID": "297",
		"AlgorithmGroupID": "1",
		"AlgorithmGroup": "",
		"AlgorithmGroupLabel": "Analysis",
		"Label": "RFM",
		"Image": "",
		"ProjRev": "$180",
		"BasketSize": "12",
		"PlayLikelihood": "22",
		"ShopFrequency": "124",
		"NewcustomerAcquisiont": "129",
		"Belavg": "98",
		"Abavg": "102",
		"Avg": "92",
		"Score": "5",
		"Compsore": "0.018822384",
		"Monthtodate": "1490",
		"DatetoEnd": "84%",
		"MonthtodateHours": "4868",
		"DatetoEndHours": "2%",
		"PercentUse": "6%",
		"RandomFactor": "81%",
		"Costperdate": "$1.00",
		"instanceID": "2011",
		"instancetype": "x.large",
		"state": "running",
		"status": "24/7",
		"alarm": "none",
		"use": "Production",
		"LastMonth": "39",
		"ThisMonth": "96",
		"Predictions": "388"
	},
	{
		"table": "Status/prescription",
		"page": "19,21",
		"AlgortihmID": "102",
		"AlgorithmGroupID": "1",
		"AlgorithmGroup": "",
		"AlgorithmGroupLabel": "Analysis",
		"Label": "Repurchase",
		"Image": "",
		"ProjRev": "$140",
		"BasketSize": "9",
		"PlayLikelihood": "9",
		"ShopFrequency": "72",
		"NewcustomerAcquisiont": "60",
		"Belavg": "58",
		"Abavg": "70",
		"Avg": "65",
		"Score": "70",
		"Compsore": "0.414897846",
		"Monthtodate": "3884",
		"DatetoEnd": "67%",
		"MonthtodateHours": "3780",
		"DatetoEndHours": "13%",
		"PercentUse": "3%",
		"RandomFactor": "37%",
		"Costperdate": "$87.00",
		"instanceID": "3454",
		"instancetype": "x.large",
		"state": "stopped",
		"status": "24/7",
		"alarm": "none",
		"use": "Production",
		"LastMonth": "39",
		"ThisMonth": "96",
		"Predictions": "388"
	},
	{
		"table": "Status/prescription",
		"page": "19,21",
		"AlgortihmID": "288",
		"AlgorithmGroupID": "1",
		"AlgorithmGroup": "",
		"AlgorithmGroupLabel": "Analysis",
		"Label": "Upsell",
		"Image": "",
		"ProjRev": "$97",
		"BasketSize": "11",
		"PlayLikelihood": "20",
		"ShopFrequency": "305",
		"NewcustomerAcquisiont": "337",
		"Belavg": "8",
		"Abavg": "9",
		"Avg": "1",
		"Score": "6",
		"Compsore": "0.02676465",
		"Monthtodate": "988",
		"DatetoEnd": "100%",
		"MonthtodateHours": "3107",
		"DatetoEndHours": "69%",
		"PercentUse": "1%",
		"RandomFactor": "8%",
		"Costperdate": "$129.00",
		"instanceID": "3030",
		"instancetype": "x.large",
		"state": "running",
		"status": "24/7",
		"alarm": "none",
		"use": "Production",
		"LastMonth": "39",
		"ThisMonth": "96",
		"Predictions": "388"
	},
	{
		"table": "Status/prescription",
		"page": "19,21",
		"AlgortihmID": "399",
		"AlgorithmGroupID": "1",
		"AlgorithmGroup": "",
		"AlgorithmGroupLabel": "Analysis",
		"Label": "Cross-sell",
		"Image": "",
		"ProjRev": "$5",
		"BasketSize": "6",
		"PlayLikelihood": "10",
		"ShopFrequency": "123",
		"NewcustomerAcquisiont": "170",
		"Belavg": "60",
		"Abavg": "76",
		"Avg": "71",
		"Score": "77",
		"Compsore": "0.290126804",
		"Monthtodate": "362",
		"DatetoEnd": "38%",
		"MonthtodateHours": "2048",
		"DatetoEndHours": "4%",
		"PercentUse": "2%",
		"RandomFactor": "22%",
		"Costperdate": "$193.00",
		"instanceID": "4146",
		"instancetype": "x.large",
		"state": "running",
		"status": "24/7",
		"alarm": "none",
		"use": "Production",
		"LastMonth": "39",
		"ThisMonth": "96",
		"Predictions": "388"
	},
	{
		"table": "Status/prescription",
		"page": "19,21",
		"AlgortihmID": "201",
		"AlgorithmGroupID": "1",
		"AlgorithmGroup": "",
		"AlgorithmGroupLabel": "Analysis",
		"Label": "Long Term Value",
		"Image": "",
		"ProjRev": "$12",
		"BasketSize": "6",
		"PlayLikelihood": "13",
		"ShopFrequency": "234",
		"NewcustomerAcquisiont": "171",
		"Belavg": "94",
		"Abavg": "113",
		"Avg": "103",
		"Score": "110",
		"Compsore": "0.26338635",
		"Monthtodate": "1404",
		"DatetoEnd": "78%",
		"MonthtodateHours": "2349",
		"DatetoEndHours": "27%",
		"PercentUse": "6%",
		"RandomFactor": "73%",
		"Costperdate": "$195.00",
		"instanceID": "1307",
		"instancetype": "x.large",
		"state": "running",
		"status": "24/7",
		"alarm": "none",
		"use": "Test",
		"LastMonth": "39",
		"ThisMonth": "96",
		"Predictions": "388"
	},
	{
		"table": "Status/prescription",
		"page": "19,21",
		"AlgortihmID": "28",
		"AlgorithmGroupID": "1",
		"AlgorithmGroup": "",
		"AlgorithmGroupLabel": "Analysis",
		"Label": "RFM",
		"Image": "",
		"ProjRev": "$166",
		"BasketSize": "8",
		"PlayLikelihood": "4",
		"ShopFrequency": "266",
		"NewcustomerAcquisiont": "130",
		"Belavg": "28",
		"Abavg": "48",
		"Avg": "41",
		"Score": "2",
		"Compsore": "0.017095642",
		"Monthtodate": "3720",
		"DatetoEnd": "5%",
		"MonthtodateHours": "3812",
		"DatetoEndHours": "3%",
		"PercentUse": "1%",
		"RandomFactor": "9%",
		"Costperdate": "$89.00",
		"instanceID": "4314",
		"instancetype": "x.large",
		"state": "running",
		"status": "24/7",
		"alarm": "none",
		"use": "Test",
		"LastMonth": "39",
		"ThisMonth": "96",
		"Predictions": "388"
	},
	{
		"table": "Status/prescription",
		"page": "19,21",
		"AlgortihmID": "173",
		"AlgorithmGroupID": "1",
		"AlgorithmGroup": "",
		"AlgorithmGroupLabel": "Analysis",
		"Label": "Repurchase",
		"Image": "",
		"ProjRev": "$173",
		"BasketSize": "8",
		"PlayLikelihood": "17",
		"ShopFrequency": "251",
		"NewcustomerAcquisiont": "289",
		"Belavg": "50",
		"Abavg": "56",
		"Avg": "49",
		"Score": "7",
		"Compsore": "0.042344013",
		"Monthtodate": "1186",
		"DatetoEnd": "35%",
		"MonthtodateHours": "2541",
		"DatetoEndHours": "19%",
		"PercentUse": "8%",
		"RandomFactor": "99%",
		"Costperdate": "$195.00",
		"instanceID": "",
		"instancetype": "",
		"state": "",
		"status": "",
		"alarm": "",
		"use": "",
		"LastMonth": "39",
		"ThisMonth": "96",
		"Predictions": "388"
	},
	{
		"table": "Status/prescription",
		"page": "19,21",
		"AlgortihmID": "169",
		"AlgorithmGroupID": "1",
		"AlgorithmGroup": "",
		"AlgorithmGroupLabel": "Analysis",
		"Label": "Upsell",
		"Image": "",
		"ProjRev": "$200",
		"BasketSize": "11",
		"PlayLikelihood": "3",
		"ShopFrequency": "141",
		"NewcustomerAcquisiont": "246",
		"Belavg": "83",
		"Abavg": "97",
		"Avg": "88",
		"Score": "90",
		"Compsore": "0.657709949",
		"Monthtodate": "2850",
		"DatetoEnd": "69%",
		"MonthtodateHours": "4652",
		"DatetoEndHours": "35%",
		"PercentUse": "5%",
		"RandomFactor": "58%",
		"Costperdate": "$2.00",
		"instanceID": "",
		"instancetype": "",
		"state": "",
		"status": "",
		"alarm": "",
		"use": "",
		"LastMonth": "39",
		"ThisMonth": "96",
		"Predictions": "388"
	},
	{
		"table": "Status/prescription",
		"page": "19,21",
		"AlgortihmID": "115",
		"AlgorithmGroupID": "1",
		"AlgorithmGroup": "",
		"AlgorithmGroupLabel": "Analysis",
		"Label": "Cross-sell",
		"Image": "",
		"ProjRev": "$172",
		"BasketSize": "7",
		"PlayLikelihood": "18",
		"ShopFrequency": "148",
		"NewcustomerAcquisiont": "74",
		"Belavg": "38",
		"Abavg": "46",
		"Avg": "40",
		"Score": "41",
		"Compsore": "0.288791085",
		"Monthtodate": "364",
		"DatetoEnd": "21%",
		"MonthtodateHours": "846",
		"DatetoEndHours": "49%",
		"PercentUse": "0%",
		"RandomFactor": "1%",
		"Costperdate": "$116.00",
		"instanceID": "",
		"instancetype": "",
		"state": "",
		"status": "",
		"alarm": "",
		"use": "",
		"LastMonth": "39",
		"ThisMonth": "96",
		"Predictions": "388"
	},
	{
		"table": "Status/prescription",
		"page": "19,21",
		"AlgortihmID": "183",
		"AlgorithmGroupID": "1",
		"AlgorithmGroup": "",
		"AlgorithmGroupLabel": "Analysis",
		"Label": "Long Term Value",
		"Image": "",
		"ProjRev": "$148",
		"BasketSize": "3",
		"PlayLikelihood": "23",
		"ShopFrequency": "321",
		"NewcustomerAcquisiont": "324",
		"Belavg": "34",
		"Abavg": "41",
		"Avg": "38",
		"Score": "4",
		"Compsore": "0.012039821",
		"Monthtodate": "1460",
		"DatetoEnd": "25%",
		"MonthtodateHours": "2473",
		"DatetoEndHours": "31%",
		"PercentUse": "4%",
		"RandomFactor": "37%",
		"Costperdate": "$169.00",
		"instanceID": "",
		"instancetype": "",
		"state": "",
		"status": "",
		"alarm": "",
		"use": "",
		"LastMonth": "39",
		"ThisMonth": "96",
		"Predictions": "388"
	},
	{
		"table": "Status/prescription",
		"page": "19,21",
		"AlgortihmID": "415",
		"AlgorithmGroupID": "1",
		"AlgorithmGroup": "",
		"AlgorithmGroupLabel": "Analysis",
		"Label": "RFM",
		"Image": "",
		"ProjRev": "$3",
		"BasketSize": "4",
		"PlayLikelihood": "10",
		"ShopFrequency": "343",
		"NewcustomerAcquisiont": "275",
		"Belavg": "97",
		"Abavg": "115",
		"Avg": "114",
		"Score": "2",
		"Compsore": "0.001682952",
		"Monthtodate": "258",
		"DatetoEnd": "87%",
		"MonthtodateHours": "2384",
		"DatetoEndHours": "40%",
		"PercentUse": "10%",
		"RandomFactor": "96%",
		"Costperdate": "$31.00",
		"instanceID": "",
		"instancetype": "",
		"state": "",
		"status": "",
		"alarm": "",
		"use": "",
		"LastMonth": "39",
		"ThisMonth": "96",
		"Predictions": "388"
	},
	{
		"table": "Status/prescription",
		"page": "19,21",
		"AlgortihmID": "77",
		"AlgorithmGroupID": "1",
		"AlgorithmGroup": "",
		"AlgorithmGroupLabel": "Analysis",
		"Label": "Repurchase",
		"Image": "",
		"ProjRev": "$152",
		"BasketSize": "12",
		"PlayLikelihood": "7",
		"ShopFrequency": "75",
		"NewcustomerAcquisiont": "290",
		"Belavg": "16",
		"Abavg": "31",
		"Avg": "30",
		"Score": "40",
		"Compsore": "0.282187938",
		"Monthtodate": "2404",
		"DatetoEnd": "98%",
		"MonthtodateHours": "3487",
		"DatetoEndHours": "92%",
		"PercentUse": "5%",
		"RandomFactor": "43%",
		"Costperdate": "$103.00",
		"instanceID": "",
		"instancetype": "",
		"state": "",
		"status": "",
		"alarm": "",
		"use": "",
		"LastMonth": "39",
		"ThisMonth": "96",
		"Predictions": "388"
	},
	{
		"table": "Status/prescription",
		"page": "19,21",
		"AlgortihmID": "388",
		"AlgorithmGroupID": "1",
		"AlgorithmGroup": "",
		"AlgorithmGroupLabel": "Analysis",
		"Label": "Upsell",
		"Image": "",
		"ProjRev": "$144",
		"BasketSize": "2",
		"PlayLikelihood": "15",
		"ShopFrequency": "112",
		"NewcustomerAcquisiont": "32",
		"Belavg": "19",
		"Abavg": "37",
		"Avg": "32",
		"Score": "38",
		"Compsore": "0.297439965",
		"Monthtodate": "2398",
		"DatetoEnd": "49%",
		"MonthtodateHours": "3444",
		"DatetoEndHours": "24%",
		"PercentUse": "2%",
		"RandomFactor": "18%",
		"Costperdate": "$91.00",
		"instanceID": "",
		"instancetype": "",
		"state": "",
		"status": "",
		"alarm": "",
		"use": "",
		"LastMonth": "39",
		"ThisMonth": "96",
		"Predictions": "388"
	}
]
