"Benchmark","Mode","Threads","Samples","Score","Score Error (99.9%)","Unit"
"org.sqlg.benchmark.MultipleGraphSimpleInsertBenchmark.multipleInsert","avgt",20,10,0.517446,0.147483,"s/op"
"org.sqlg.benchmark.MultipleGraphSimpleInsertBenchmark.multipleInsert:insert1000VerticesWith10Properties1","avgt",20,10,0.512209,0.210929,"s/op"
"org.sqlg.benchmark.MultipleGraphSimpleInsertBenchmark.multipleInsert:insert1000VerticesWith10Properties2","avgt",20,10,0.522684,0.278536,"s/op"
"org.sqlg.benchmark.MultipleGraphSimpleReadBenchmark.multipleRead","avgt",20,10,0.058626,0.010915,"s/op"
"org.sqlg.benchmark.MultipleGraphSimpleReadBenchmark.multipleRead:read1","avgt",20,10,0.029982,0.004459,"s/op"
"org.sqlg.benchmark.MultipleGraphSimpleReadBenchmark.multipleRead:read2","avgt",20,10,0.087270,0.017546,"s/op"
"org.sqlg.benchmark.ReadBenchmark.readGraphStep","avgt",10,10,0.583319,0.069640,"s/op"
"org.sqlg.benchmark.SimpleInsertBenchmark.insert1000VerticesWith10Properties","avgt",1,10,0.201677,0.021089,"s/op"
