<?xml version="1.0" encoding="UTF-8" standalone="no"?>
<beans xmlns="http://www.springframework.org/schema/beans"
       xmlns:aop="http://www.springframework.org/schema/aop"
       xmlns:context="http://www.springframework.org/schema/context"
       xmlns:jee="http://www.springframework.org/schema/jee"
       xmlns:tx="http://www.springframework.org/schema/tx"
       xmlns:xsi="http://www.w3.org/2001/XMLSchema-instance"
       xmlns:task="http://www.springframework.org/schema/task"
       xmlns:p="http://www.springframework.org/schema/p"
       xmlns:mvc="http://www.springframework.org/schema/mvc"
       xsi:schemaLocation="http://www.springframework.org/schema/jee http://www.springframework.org/schema/jee/spring-jee-3.0.xsd
		http://www.springframework.org/schema/aop http://www.springframework.org/schema/aop/spring-aop-3.0.xsd
		http://www.springframework.org/schema/mvc http://www.springframework.org/schema/mvc/spring-mvc-3.0.xsd
		http://www.springframework.org/schema/task http://www.springframework.org/schema/task/spring-task-3.0.xsd
		http://www.springframework.org/schema/beans http://www.springframework.org/schema/beans/spring-beans-3.0.xsd
		http://www.springframework.org/schema/tx http://www.springframework.org/schema/tx/spring-tx-3.0.xsd
		http://www.springframework.org/schema/context http://www.springframework.org/schema/context/spring-context-3.0.xsd">

    <context:annotation-config/>
    
    <mvc:annotation-driven/>
    <mvc:resources mapping="/bootstrap/**" location="/bootstrap/"/>
    <mvc:resources mapping="/js/**" location="/js/"/>
    <mvc:resources mapping="/resources/**" location="/resources/"/>
    <mvc:resources mapping="/curation_upload/**" location="/curation_upload/"/>
    <context:component-scan base-package="com.neo4j"/>

    <bean id="viewResolver" class="org.springframework.web.servlet.view.InternalResourceViewResolver" p:prefix="/jsps/" p:suffix=".jsp"/>
    
    <bean id="multipartResolver" class="org.springframework.web.multipart.commons.CommonsMultipartResolver">
        <!-- max upload size in bytes -->
        <property name="maxUploadSize" value="20971520" /> <!-- 20MB -->
        <!-- <property name="restrictFileTypes" value="csv"/> -->
        <!-- max size of file in memory (in bytes) -->
        <property name="maxInMemorySize" value="1048576" /> <!-- 1MB -->
    </bean>
    

</beans>